product_no,product_name,product_price,,,
T1,瑜伽垫,89.9,,,
T2,跑步机,"2,999",,,
T3,健身哑铃套装,399,,,
T4,运动水壶,50,,,
T5,篮球,129,,,
T6,足球,159,,,
T7,羽毛球拍,199,,,
T8,乒乓球拍套装,159,,,
T9,跳绳,30,,,
T10,运动护膝,59,,,
T11,健身手套,69,,,
T12,运动腰包,40,,,
T13,运动发带,19.9,,,
T14,运动袜,25,,,
T15,跑步鞋,499,,,
T16,篮球鞋,599,,,
T17,足球鞋,459,,,
T18,网球鞋,429,,,
T19,健身服套装,199,,,
T20,运动紧身衣,129,,,
T21,运动短裤,89,,,
T22,运动T恤,79,,,
T23,运动外套,169,,,
T24,健身腰带,139,,,
T25,运动毛巾,39,,,
T26,运动背包,159,,,
T27,健身垫,99,,,
T28,泡沫轴,79,,,
T29,引体向上杆,129,,,
T30,俯卧撑支架,49,,,
T31,健腹轮,59,,,
T32,壶铃,199,,,
T33,杠铃杆,299,,,
T34,杠铃片,89,,,
T35,卧推架,899,,,
T36,深蹲架,1299,,,
T37,健身凳,399,,,
T38,弹力带套装,69,,,
T39,战绳,199,,,
T40,沙袋,299,,,
T41,拳击手套,159,,,
T42,拳击沙袋,499,,,
T43,拳击绷带,29,,,
T44,护齿套,39,,,
T45,拳击靶,89,,,
T46,网球拍,329,,,
T47,网球,59,,,
T48,网球包,199,,,
T49,高尔夫球杆套装,2999,,,
T50,高尔夫球,89,,,
T51,高尔夫手套,129,,,
T52,高尔夫球包,599,,,
T53,棒球手套,199,,,
T54,棒球棒,159,,,
T55,棒球,39,,,
T56,排球,129,,,
T57,排球护膝,59,,,
T58,橄榄球,149,,,
T59,橄榄球头盔,399,,,
T60,橄榄球护肩,199,,,
T61,滑板,299,,,
T62,滑板护具套装,129,,,
T63,轮滑鞋,259,,,
T64,轮滑护具,99,,,
T65,滑雪板,"1,299",,,
T66,滑雪杖,199,,,
T67,滑雪镜,299,,,
T68,滑雪手套,129,,,
T69,滑雪服,599,,,
T70,滑雪头盔,399,,,
T71,游泳镜,79,,,
T72,游泳帽,29,,,
T73,游泳耳塞,19,,,
T74,游泳鼻夹,15,,,
T75,游泳浮板,39,,,
T76,游泳脚蹼,89,,,
T77,游泳划手掌,59,,,
T78,泳衣,129,,,
T79,泳裤,99,,,
T80,潜水镜,199,,,
T81,潜水呼吸管,89,,,
T82,潜水脚蹼,299,,,
T83,潜水服,599,,,
T84,登山杖,129,,,
T85,登山包,399,,,
T86,登山鞋,499,,,
T87,冲锋衣,699,,,
T88,速干衣,199,,,
T89,露营帐篷,599,,,
T90,睡袋,299,,,
T91,防潮垫,99,,,
T92,户外头灯,129,,,
T93,指南针,39,,,
T94,户外水壶,79,,,
T95,折叠椅,149,,,
T96,折叠桌,199,,,
T97,烧烤架,299,,,
T98,钓鱼竿,199,,,
T99,钓鱼线轮,159,,,
T100,钓鱼箱,299,,,
T101,鱼饵盒,59,,,
T102,钓鱼椅,129,,,
T103,钓鱼伞,199,,,
T104,自行车,999,,,
T105,自行车头盔,199,,,
T106,自行车手套,59,,,
T107,自行车水壶架,29,,,
T108,自行车码表,159,,,
T109,自行车锁,79,,,
T110,自行车灯,49,,,
T111,自行车维修工具,99,,,
T112,动感单车,1999,,,
T113,椭圆机,2999,,,
T114,划船机,3999,,,
T115,登山机,2599,,,
T116,仰卧板,299,,,
T117,引体向上辅助带,59,,,
T118,手腕护具,49,,,
T119,脚踝护具,59,,,
T120,运动按摩枪,599,,,
T121,体脂秤,199,,,
T122,运动手环,159,,,
T123,运动手表,599,,,
T124,心率带,199,,,
T125,运动耳机,299,,,
T126,运动相机,1299,,,
T127,运动补剂,199,,,
T128,蛋白粉,299,,,
T129,能量棒,59,,,
T130,运动饮料,39,,,
T131,瑜伽砖,29,,,
T132,瑜伽球,59,,,
T133,瑜伽拉力带,39,,,
T134,瑜伽铺巾,49,,,
T135,普拉提圈,99,,,
T136,平衡垫,79,,,
T137,健身操踏板,129,,,
T138,拳击速度球,159,,,
T139,拳击梨球,199,,,
T140,拳击反应球,39,,,
T141,棒球打击网,299,,,
T142,棒球投球机,1999,,,
T143,足球训练桩,59,,,
T144,足球训练梯,79,,,
T145,足球门网,199,,,
T146,篮球架,999,,,
T147,篮球网,29,,,
T148,篮球训练服,99,,,
T149,网球训练器,199,,,
T150,网球发球机,2999,,,
T151,羽毛球网架,199,,,
T152,羽毛球网,59,,,
T153,羽毛球训练器,79,,,
T154,乒乓球台,1999,,,
T155,乒乓球网架,39,,,
T156,乒乓球发球机,999,,,
T157,高尔夫练习网,299,,,
T158,高尔夫推杆练习器,199,,,
T159,高尔夫测距仪,599,,,
T160,高尔夫球车,5999,,,
T161,棒球本垒板,129,,,
T162,棒球垒包套装,199,,,
T163,棒球裁判装备,299,,,
T164,橄榄球训练服,159,,,
T165,橄榄球训练锥,39,,,
T166,滑板轴承,59,,,
T167,滑板轮子,79,,,
T168,滑板砂纸,29,,,
T169,滑板工具,39,,,
T170,轮滑轴承,49,,,
T171,轮滑轮子,69,,,
T172,滑雪板蜡,59,,,
T173,滑雪板固定器,399,,,
T174,滑雪板包,199,,,
T175,滑雪护臀垫,129,,,
T176,游泳训练浮标,49,,,
T177,游泳训练划水桨,79,,,
T178,游泳心率监测器,199,,,
T179,潜水电脑表,1999,,,
T180,潜水配重带,129,,,
T181,登山扣,19,,,
T182,登山绳索,299,,,
T183,登山安全带,399,,,
T184,登山快挂,59,,,
T185,露营灯,79,,,
T186,露营炊具,199,,,
T187,露营折叠床,299,,,
T188,钓鱼抄网,59,,,
T189,钓鱼浮漂,19,,,
T190,钓鱼铅坠,9,,,
T191,自行车驮包,199,,,
T192,自行车打气筒,59,,,
T193,自行车挡泥板,39,,,
T194,自行车货架,129,,,
T195,自行车铃铛,19,,,
T196,自行车反光片,9,,,
T197,动感单车垫,49,,,
T198,椭圆机垫,59,,,
T199,划船机垫,69,,,
T200,登山机垫,79,,,
T201,仰卧板垫,29,,,
T202,引体向上门框杆,99,,,
T203,手腕力量训练器,59,,,
T204,脚踝力量训练带,49,,,
T205,运动按摩滚轮,39,,,
T206,体脂测量仪,159,,,
T207,运动手环充电器,29,,,
T208,运动手表表带,99,,,
T209,心率带胸带,49,,,
T210,运动耳机保护套,19,,,
T211,运动相机支架,59,,,
T212,运动补剂摇摇杯,39,,,
T213,蛋白粉勺,9,,,
T214,能量胶,15,,,
T215,运动盐丸,19,,,
T216,瑜伽伸展带,29,,,
T217,瑜伽冥想垫,79,,,
T218,瑜伽倒立架,199,,,
T219,普拉提弹力绳,49,,,
T220,平衡板,129,,,
T221,健身操哑铃,59,,,
T222,拳击沙袋架,299,,,
T223,拳击擂台,4999,,,
T224,棒球打击手套,39,,,
T225,棒球护具套装,199,,,
T226,足球守门员手套,129,,,
T227,足球训练背心,49,,,
T228,篮球训练背心,59,,,
T229,篮球护指套,19,,,
T230,网球减震器,9,,,
T231,网球护腕,19,,,
T232,羽毛球手胶,9,,,
T233,羽毛球护腕,19,,,
T234,乒乓球拍胶皮,59,,,
T235,乒乓球拍清洁剂,19,,,
T236,高尔夫球TEE,9,,,
T237,高尔夫球标记,9,,,
T238,高尔夫球杆套,39,,,
T239,棒球打击头盔,99,,,
T240,棒球捕手护具,299,,,
T241,橄榄球训练球,79,,,
T242,橄榄球护齿,19,,,
T243,滑板桥,129,,,
T244,滑板工具套装,49,,,
T245,轮滑刹车器,29,,,
T246,滑雪护脸,39,,,
T247,滑雪护甲,299,,,
T248,游泳呼吸管咬嘴,9,,,
T249,游泳鼻塞,9,,,
T250,潜水配重块,19,,,
T251,登山冰镐,199,,,
T252,登山冰爪,299,,,
T253,露营折叠椅,79,,,
T254,露营折叠桌,129,,,
T255,钓鱼鱼钩,9,,,
T256,钓鱼鱼线,19,,,
T257,自行车水壶,29,,,
T258,自行车尾灯,19,,,
T259,健身阻力带,39,,,
T260,健身悬挂带,99,,,
T261,拳击跳绳,49,,,
T262,棒球打击训练器,199,,,
T263,足球训练反弹网,129,,,
T264,篮球投篮训练器,159,,,
T265,网球发球训练器,299,,,
T266,羽毛球发球机,999,,,
T267,乒乓球多球训练器,199,,,
T268,高尔夫挥杆分析仪,599,,,
T269,棒球投球训练器,399,,,
T270,橄榄球传球训练器,299,,,
T271,滑板训练斜坡,499,,,
T272,轮滑训练桩,59,,,
T273,滑雪训练平衡板,199,,,
T274,游泳训练呼吸管,39,,,
T275,潜水训练浮标,49,,,
T276,登山训练攀岩墙,999,,,
T277,露营训练帐篷,199,,,
T278,钓鱼训练浮标,9,,,
T279,自行车训练滚筒,299,,,
T280,健身训练沙袋背心,199,,,
T281,拳击训练反应靶,129,,,
T282,棒球训练击球网,159,,,
T283,足球训练射门网,199,,,
T284,篮球训练运球眼镜,39,,,
T285,网球训练反弹板,299,,,
T286,羽毛球训练发球器,199,,,
T287,乒乓球训练反弹板,159,,,
T288,高尔夫训练推杆垫,129,,,
T289,棒球训练接球网,99,,,
T290,橄榄球训练接球手套,79,,,
T291,滑板训练平衡垫,59,,,
T292,轮滑训练平衡板,79,,,
T293,滑雪训练平衡器,99,,,
T294,游泳训练划水板,29,,,
T295,潜水训练浮力带,39,,,
T296,登山训练攀岩鞋,199,,,
T297,露营训练折叠炉,129,,,
T298,钓鱼训练鱼竿架,49,,,
T299,自行车训练骑行台,599,,,
T300,健身训练悬挂架,399,,,
,,,,,
